Genotype,Diameter
pFeo101,2.005880262
pFeo101,1.835508431
pFeo101,1.731269559
pFeo101,1.828906486
pFeo101,1.806138401
pFeo101,2.206295162
pFeo101,1.714270556
pFeo101,1.472977995
pFeo101,1.588996061
pFeo101,1.517262334
pFeo101,1.702345051
pFeo101,1.330837496
pFeo101,2.25085974
pFeo101,1.277132711
pFeo101,1.699725193
pFeo101,1.602163109
pFeo101,2.046724615
pFeo101,1.72648246
pFeo101,1.745552088
pFeo101,1.340370838
pFeo101,1.469949398
pFeo101,1.495284114
pFeo101,1.857916632
pFeo101,1.773772169
pFeo101,1.578544671
pFeo101,1.400756941
pFeo101,1.993463774
pFeo101,1.486744443
pFeo101,1.37089642
pFeo101,1.662996649
pFeo101,1.305725098
pFeo101,1.400756941
pFeo101,1.619945708
pFeo101,1.619945708
pFeo101,1.667965964
pFeo101,1.745552088
pFeo101,1.625046676
pFeo101,1.857916632
pFeo101,2.066844131
pFeo101,0.872593665
pFeo101,1.125571282
pFeo101,1.974531456
pFeo101,1.77843198
pFeo101,1.581365302
pFeo101,2.005880262
pFeo101,1.957693557
pFeo101,1.321717132
pFeo101,1.785220595
pFeo101,1.8243756
pFeo101,1.873612809
pFeo101,1.61246142
pFeo101,1.321717132
pFeo101,1.583778987
pFeo101,1.908624053
pFeo101,2.024204955
pFeo101,1.972595957
pFeo101,1.247375089
pFeo101,1.766579227
pFeo101,1.349365128
pFeo101,1.403481268
pFeo101,2.228688842
pFeo101,1.525213839
pFeo101,2.263833102
pFeo101,1.161754588
pFeo101,1.59698905
pFeo101,1.037265225
pFeo101,1.43842806
pFeo101,1.578544671
pFeo101,1.481167255
pFeo101,1.622694376
pFeo101,1.959968623
pFeo101,0.975915605
pFeo101,1.546766843
pFeo101,1.565585645
pFeo101,1.217413053
pFeo101,2.007783676
pFeo101,2.007783676
pFeo101,2.319670022
pFeo101,1.77592437
pFeo101,1.57329294
pFeo101,1.689958736
pFeo101,1.857916632
pFeo101,2.052626102
pFeo101,2.094686821
pFeo101,1.92589101
pFeo101,1.752468076
pFeo101,2.365597777
pFeo101,1.953461405
pFeo101,1.982896789
pFeo101,2.086769674
pFeo101,2.145436251
pFeo101,1.106748647
pFeo101,1.835508431
G12E,0.794
G12E,0.438
G12E,0.614
G12E,0.723
G12E,0.723
G12E,0.714
G12E,0.441
G12E,0.62
G12E,0.703
G12E,0.533
G12E,0.62
G12E,0.671
G12E,0.441
G12E,0.451
G12E,0.615
G12E,0.638
G12E,0.57
R25G,1.01
R25G,0.816
R25G,1.266
R25G,0.884
R25G,0.92
R25G,0.971
R25G,0.807
R25G,0.727
R25G,0.906
R25G,0.81
R25G,0.753
R25G,0.906
R25G,0.757
R25G,0.931
R25G,1.015
R25G,0.811
R25G,0.765
R25G,0.848
R25G,0.831
R25G,0.935
R25G,1.256
R25G,1.089
R25G,0.85
R25G,1.13
R25G,0.927
R25G,1.086
R25G,1.067
R25G,0.891
R25G,0.975
R25G,1.021
R25G,1.14
R25G,0.822
R25G,0.927
R25G,0.927
R25G,0.831
R25G,0.931
R25G,1.092
R25G,1.107
R25G,0.822
R25G,0.794
R25G,0.776
R25G,1.492
R25G,1.008
R25G,0.848
R25G,1.051
R25G,1.233
R25G,0.848
V39A,1.179
V39A,1.429
V39A,1.585
V39A,1.588
V39A,1.599
V39A,1.333
V39A,1.33
V39A,1.503
V39A,1.311
V39A,1.206
V39A,1.707
V39A,2.033
V39A,1.442
V39A,1.221
V39A,1.152
V39A,0.812
V39A,1.322
V39A,1.092
V39A,0.772
V39A,1.424
V39A,1.365
V39A,1.312
V39A,1.312
